n_run;individual_gains
1;[85.00000000000014, 77.80000000000021, 71.80000000000027, 70.00000000000028, 74.80000000000024]
2;[72.40000000000026, 62.80000000000034, 82.60000000000016, -40.0, 76.00000000000023]
3;[84.40000000000015, 69.40000000000029, 16.800000000000324, 49.60000000000031, 45.4000000000003]
4;[100, 27.400000000000254, 75.40000000000023, 48.000000000000114, 82.00000000000017]
5;[81.40000000000018, 52.600000000000314, 67.6000000000003, 61.000000000000334, 86.80000000000013]
6;[70.00000000000028, 96.40000000000003, 88.00000000000011, 73.00000000000026, 83.20000000000016]
7;[80.80000000000018, 91.60000000000008, 17.20000000000023, 75.40000000000023, 82.60000000000016]
8;[89.8000000000001, 88.00000000000011, 68.2000000000003, 26.800000000000253, 83.80000000000015]
9;[-38.999999999999766, 38.80000000000028, 21.40000000000024, -10.59999999999971, 42.40000000000029]
